id,id2,id3,id4,lastupdate,Avg,Max,Min,id5,Predominant_Parameter,Value,,Long,Lat
India,Delhi,Delhi,"Alipur, Delhi - DPCC",23-10-2019 04:00:00,256,375,60,PM2.5,PM2.5,256,,76.7583714,30.7512305
India,Delhi,Delhi,"Alipur, Delhi - DPCC",23-10-2019 04:00:00,233,376,99,PM10,PM2.5,256,,76.7583714,30.7512305
India,Delhi,Delhi,"Alipur, Delhi - DPCC",23-10-2019 04:00:00,93,134,52,NO2,PM2.5,256,,76.7583714,30.7512305
India,Delhi,Delhi,"Alipur, Delhi - DPCC",23-10-2019 04:00:00,NA,NA,NA,NH3,PM2.5,256,,76.7583714,30.7512305
India,Delhi,Delhi,"Alipur, Delhi - DPCC",23-10-2019 04:00:00,28,49,18,SO2,PM2.5,256,,76.7583714,30.7512305
India,Delhi,Delhi,"Alipur, Delhi - DPCC",23-10-2019 04:00:00,49,90,30,CO,PM2.5,256,,76.7583714,30.7512305
India,Delhi,Delhi,"Alipur, Delhi - DPCC",23-10-2019 04:00:00,86,126,1,OZONE,PM2.5,256,,76.7583714,30.7512305
India,Delhi,Delhi,"Anand Vihar, Delhi - DPCC",23-10-2019 04:00:00,305,406,113,PM2.5,PM10,320,,77.1331363,28.7972263
India,Delhi,Delhi,"Anand Vihar, Delhi - DPCC",23-10-2019 04:00:00,320,432,163,PM10,PM10,320,,77.1331363,28.7972263
India,Delhi,Delhi,"Anand Vihar, Delhi - DPCC",23-10-2019 04:00:00,158,209,118,NO2,PM10,320,,77.1331363,28.7972263
India,Delhi,Delhi,"Anand Vihar, Delhi - DPCC",23-10-2019 04:00:00,19,26,14,NH3,PM10,320,,77.1331363,28.7972263
India,Delhi,Delhi,"Anand Vihar, Delhi - DPCC",23-10-2019 04:00:00,14,21,6,SO2,PM10,320,,77.1331363,28.7972263
India,Delhi,Delhi,"Anand Vihar, Delhi - DPCC",23-10-2019 04:00:00,64,146,23,CO,PM10,320,,77.1331363,28.7972263
India,Delhi,Delhi,"Anand Vihar, Delhi - DPCC",23-10-2019 04:00:00,38,66,20,OZONE,PM10,320,,77.1331363,28.7972263
India,Delhi,Delhi,"Ashok Vihar, Delhi - DPCC",23-10-2019 04:00:00,262,341,70,PM2.5,PM2.5,262,,77.3027059,28.650218
India,Delhi,Delhi,"Ashok Vihar, Delhi - DPCC",23-10-2019 04:00:00,235,369,125,PM10,PM2.5,262,,77.3027059,28.650218
India,Delhi,Delhi,"Ashok Vihar, Delhi - DPCC",23-10-2019 04:00:00,83,124,36,NO2,PM2.5,262,,77.3027059,28.650218
India,Delhi,Delhi,"Ashok Vihar, Delhi - DPCC",23-10-2019 04:00:00,7,8,4,NH3,PM2.5,262,,77.3027059,28.650218
India,Delhi,Delhi,"Ashok Vihar, Delhi - DPCC",23-10-2019 04:00:00,NA,NA,NA,SO2,PM2.5,262,,77.3027059,28.650218
India,Delhi,Delhi,"Ashok Vihar, Delhi - DPCC",23-10-2019 04:00:00,61,128,43,CO,PM2.5,262,,77.3027059,28.650218
India,Delhi,Delhi,"Ashok Vihar, Delhi - DPCC",23-10-2019 04:00:00,101,177,6,OZONE,PM2.5,262,,77.3027059,28.650218
India,Delhi,Delhi,"Aya Nagar, Delhi - IMD",23-10-2019 04:00:00,180,325,47,PM2.5,PM2.5,180,,77.126764,28.4825906
India,Delhi,Delhi,"Aya Nagar, Delhi - IMD",23-10-2019 04:00:00,158,227,78,PM10,PM2.5,180,,77.126764,28.4825906
India,Delhi,Delhi,"Aya Nagar, Delhi - IMD",23-10-2019 04:00:00,15,26,9,NO2,PM2.5,180,,77.126764,28.4825906
India,Delhi,Delhi,"Aya Nagar, Delhi - IMD",23-10-2019 04:00:00,61,68,46,CO,PM2.5,180,,77.126764,28.4825906
India,Delhi,Delhi,"Aya Nagar, Delhi - IMD",23-10-2019 04:00:00,50,89,9,OZONE,PM2.5,180,,77.126764,28.4825906
India,Delhi,Delhi,"Bawana, Delhi - DPCC",23-10-2019 04:00:00,298,371,77,PM2.5,PM2.5,298,,77.1020069,28.822938
India,Delhi,Delhi,"Bawana, Delhi - DPCC",23-10-2019 04:00:00,249,407,114,PM10,PM2.5,298,,77.1020069,28.822938
India,Delhi,Delhi,"Bawana, Delhi - DPCC",23-10-2019 04:00:00,68,116,29,NO2,PM2.5,298,,77.1020069,28.822938
India,Delhi,Delhi,"Bawana, Delhi - DPCC",23-10-2019 04:00:00,7,8,6,NH3,PM2.5,298,,77.1020069,28.822938
India,Delhi,Delhi,"Bawana, Delhi - DPCC",23-10-2019 04:00:00,15,26,10,SO2,PM2.5,298,,77.1020069,28.822938
India,Delhi,Delhi,"Bawana, Delhi - DPCC",23-10-2019 04:00:00,31,45,5,CO,PM2.5,298,,77.1020069,28.822938
India,Delhi,Delhi,"Bawana, Delhi - DPCC",23-10-2019 04:00:00,167,222,5,OZONE,PM2.5,298,,77.1020069,28.822938
India,Delhi,Delhi,"Burari Crossing, Delhi - IMD",23-10-2019 04:00:00,240,337,54,PM2.5,PM2.5,240,,77.200159,28.727953
India,Delhi,Delhi,"Burari Crossing, Delhi - IMD",23-10-2019 04:00:00,155,199,71,PM10,PM2.5,240,,77.200159,28.727953
India,Delhi,Delhi,"Burari Crossing, Delhi - IMD",23-10-2019 04:00:00,11,14,9,NO2,PM2.5,240,,77.200159,28.727953
India,Delhi,Delhi,"Burari Crossing, Delhi - IMD",23-10-2019 04:00:00,32,54,4,CO,PM2.5,240,,77.200159,28.727953
India,Delhi,Delhi,"Burari Crossing, Delhi - IMD",23-10-2019 04:00:00,55,82,18,OZONE,PM2.5,240,,77.200159,28.727953
India,Delhi,Delhi,"CRRI Mathura Road, Delhi - IMD",23-10-2019 04:00:00,243,316,98,PM2.5,PM2.5,243,,77.2750344,28.5517202
India,Delhi,Delhi,"CRRI Mathura Road, Delhi - IMD",23-10-2019 04:00:00,209,275,150,PM10,PM2.5,243,,77.2750344,28.5517202
India,Delhi,Delhi,"CRRI Mathura Road, Delhi - IMD",23-10-2019 04:00:00,174,259,76,NO2,PM2.5,243,,77.2750344,28.5517202
India,Delhi,Delhi,"CRRI Mathura Road, Delhi - IMD",23-10-2019 04:00:00,40,108,23,CO,PM2.5,243,,77.2750344,28.5517202
India,Delhi,Delhi,"CRRI Mathura Road, Delhi - IMD",23-10-2019 04:00:00,36,77,4,OZONE,PM2.5,243,,77.2750344,28.5517202
India,Delhi,Delhi,"DTU, Delhi - CPCB",23-10-2019 04:00:00,294,425,78,PM2.5,PM10,338,,77.1176652,28.7500749
India,Delhi,Delhi,"DTU, Delhi - CPCB",23-10-2019 04:00:00,338,492,150,PM10,PM10,338,,77.1176652,28.7500749
India,Delhi,Delhi,"DTU, Delhi - CPCB",23-10-2019 04:00:00,36,55,16,NO2,PM10,338,,77.1176652,28.7500749
India,Delhi,Delhi,"DTU, Delhi - CPCB",23-10-2019 04:00:00,9,14,5,NH3,PM10,338,,77.1176652,28.7500749
India,Delhi,Delhi,"DTU, Delhi - CPCB",23-10-2019 04:00:00,18,32,11,SO2,PM10,338,,77.1176652,28.7500749
India,Delhi,Delhi,"DTU, Delhi - CPCB",23-10-2019 04:00:00,57,122,21,CO,PM10,338,,77.1176652,28.7500749
India,Delhi,Delhi,"DTU, Delhi - CPCB",23-10-2019 04:00:00,173,192,19,OZONE,PM10,338,,77.1176652,28.7500749
India,Delhi,Delhi,"Dr. Karni Singh Shooting Range, Delhi - DPCC",23-10-2019 04:00:00,223,323,60,PM2.5,PM2.5,223,,77.2670954,28.4997268
India,Delhi,Delhi,"Dr. Karni Singh Shooting Range, Delhi - DPCC",23-10-2019 04:00:00,188,274,114,PM10,PM2.5,223,,77.2670954,28.4997268
India,Delhi,Delhi,"Dr. Karni Singh Shooting Range, Delhi - DPCC",23-10-2019 04:00:00,76,122,33,NO2,PM2.5,223,,77.2670954,28.4997268
India,Delhi,Delhi,"Dr. Karni Singh Shooting Range, Delhi - DPCC",23-10-2019 04:00:00,4,5,2,NH3,PM2.5,223,,77.2670954,28.4997268
India,Delhi,Delhi,"Dr. Karni Singh Shooting Range, Delhi - DPCC",23-10-2019 04:00:00,22,34,12,SO2,PM2.5,223,,77.2670954,28.4997268
India,Delhi,Delhi,"Dr. Karni Singh Shooting Range, Delhi - DPCC",23-10-2019 04:00:00,75,102,60,CO,PM2.5,223,,77.2670954,28.4997268
India,Delhi,Delhi,"Dr. Karni Singh Shooting Range, Delhi - DPCC",23-10-2019 04:00:00,19,89,1,OZONE,PM2.5,223,,77.2670954,28.4997268
India,Delhi,Delhi,"Dwarka-Sector 8, Delhi - DPCC",23-10-2019 04:00:00,261,332,83,PM2.5,PM10,280,,77.070837,28.5720379
India,Delhi,Delhi,"Dwarka-Sector 8, Delhi - DPCC",23-10-2019 04:00:00,280,500,164,PM10,PM10,280,,77.070837,28.5720379
India,Delhi,Delhi,"Dwarka-Sector 8, Delhi - DPCC",23-10-2019 04:00:00,75,114,26,NO2,PM10,280,,77.070837,28.5720379
India,Delhi,Delhi,"Dwarka-Sector 8, Delhi - DPCC",23-10-2019 04:00:00,26,60,1,SO2,PM10,280,,77.070837,28.5720379
India,Delhi,Delhi,"Dwarka-Sector 8, Delhi - DPCC",23-10-2019 04:00:00,66,143,45,CO,PM10,280,,77.070837,28.5720379
India,Delhi,Delhi,"Dwarka-Sector 8, Delhi - DPCC",23-10-2019 04:00:00,NA,NA,NA,OZONE,PM10,280,,77.070837,28.5720379
India,Delhi,Delhi,"IGI Airport (T3), Delhi - IMD",23-10-2019 04:00:00,NA,NA,NA,PM2.5,,,,77.1088743,28.5457488
India,Delhi,Delhi,"IGI Airport (T3), Delhi - IMD",23-10-2019 04:00:00,NA,NA,NA,PM10,,,,77.1088743,28.5457488
India,Delhi,Delhi,"IGI Airport (T3), Delhi - IMD",23-10-2019 04:00:00,NA,NA,NA,NO2,,,,77.1088743,28.5457488
India,Delhi,Delhi,"IGI Airport (T3), Delhi - IMD",23-10-2019 04:00:00,55,65,54,CO,,,,77.1088743,28.5457488
India,Delhi,Delhi,"IGI Airport (T3), Delhi - IMD",23-10-2019 04:00:00,11,15,7,OZONE,,,,77.1088743,28.5457488
India,Delhi,Delhi,"IHBAS, Dilshad Garden, Delhi - CPCB",23-10-2019 04:00:00,212,318,27,PM2.5,PM2.5,212,,77.3047121,28.6811689
India,Delhi,Delhi,"IHBAS, Dilshad Garden, Delhi - CPCB",23-10-2019 04:00:00,93,149,25,NO2,PM2.5,212,,77.3047121,28.6811689
India,Delhi,Delhi,"IHBAS, Dilshad Garden, Delhi - CPCB",23-10-2019 04:00:00,23,45,7,NH3,PM2.5,212,,77.3047121,28.6811689
India,Delhi,Delhi,"IHBAS, Dilshad Garden, Delhi - CPCB",23-10-2019 04:00:00,25,39,18,SO2,PM2.5,212,,77.3047121,28.6811689
India,Delhi,Delhi,"IHBAS, Dilshad Garden, Delhi - CPCB",23-10-2019 04:00:00,60,115,30,CO,PM2.5,212,,77.3047121,28.6811689
India,Delhi,Delhi,"ITO, Delhi - CPCB",23-10-2019 04:00:00,NA,NA,NA,PM2.5,,,,77.2413201,28.6293713
India,Delhi,Delhi,"ITO, Delhi - CPCB",23-10-2019 04:00:00,NA,NA,NA,PM10,,,,77.2413201,28.6293713
India,Delhi,Delhi,"ITO, Delhi - CPCB",23-10-2019 04:00:00,NA,NA,NA,NO2,,,,77.2413201,28.6293713
India,Delhi,Delhi,"ITO, Delhi - CPCB",23-10-2019 04:00:00,NA,NA,NA,NH3,,,,77.2413201,28.6293713
India,Delhi,Delhi,"ITO, Delhi - CPCB",23-10-2019 04:00:00,NA,NA,NA,SO2,,,,77.2413201,28.6293713
India,Delhi,Delhi,"ITO, Delhi - CPCB",23-10-2019 04:00:00,14,45,12,CO,,,,77.2413201,28.6293713
India,Delhi,Delhi,"ITO, Delhi - CPCB",23-10-2019 04:00:00,NA,NA,NA,OZONE,,,,77.2413201,28.6293713
India,Delhi,Delhi,"Jahangirpuri, Delhi - DPCC",23-10-2019 04:00:00,NA,NA,NA,PM2.5,,,,77.2299794,28.6687222
India,Delhi,Delhi,"Jahangirpuri, Delhi - DPCC",23-10-2019 04:00:00,NA,NA,NA,PM10,,,,77.2299794,28.6687222
India,Delhi,Delhi,"Jahangirpuri, Delhi - DPCC",23-10-2019 04:00:00,NA,NA,NA,NO2,,,,77.2299794,28.6687222
India,Delhi,Delhi,"Jahangirpuri, Delhi - DPCC",23-10-2019 04:00:00,NA,NA,NA,NH3,,,,77.2299794,28.6687222
India,Delhi,Delhi,"Jahangirpuri, Delhi - DPCC",23-10-2019 04:00:00,NA,NA,NA,SO2,,,,77.2299794,28.6687222
India,Delhi,Delhi,"Jahangirpuri, Delhi - DPCC",23-10-2019 04:00:00,74,110,47,CO,,,,77.2299794,28.6687222
India,Delhi,Delhi,"Jahangirpuri, Delhi - DPCC",23-10-2019 04:00:00,163,163,37,OZONE,,,,77.2299794,28.6687222
India,Delhi,Delhi,"Jawaharlal Nehru Stadium, Delhi - DPCC",23-10-2019 04:00:00,218,307,58,PM2.5,PM2.5,218,,77.2343665,28.5828456
India,Delhi,Delhi,"Jawaharlal Nehru Stadium, Delhi - DPCC",23-10-2019 04:00:00,191,241,141,PM10,PM2.5,218,,77.2343665,28.5828456
India,Delhi,Delhi,"Jawaharlal Nehru Stadium, Delhi - DPCC",23-10-2019 04:00:00,108,168,39,NO2,PM2.5,218,,77.2343665,28.5828456
India,Delhi,Delhi,"Jawaharlal Nehru Stadium, Delhi - DPCC",23-10-2019 04:00:00,7,9,6,NH3,PM2.5,218,,77.2343665,28.5828456
India,Delhi,Delhi,"Jawaharlal Nehru Stadium, Delhi - DPCC",23-10-2019 04:00:00,16,32,5,SO2,PM2.5,218,,77.2343665,28.5828456
India,Delhi,Delhi,"Jawaharlal Nehru Stadium, Delhi - DPCC",23-10-2019 04:00:00,54,121,32,CO,PM2.5,218,,77.2343665,28.5828456
India,Delhi,Delhi,"Jawaharlal Nehru Stadium, Delhi - DPCC",23-10-2019 04:00:00,101,212,2,OZONE,PM2.5,218,,77.2343665,28.5828456
India,Delhi,Delhi,"Lodhi Road, Delhi - IMD",23-10-2019 04:00:00,187,317,66,PM2.5,PM2.5,187,,77.2280791,28.5910626
India,Delhi,Delhi,"Lodhi Road, Delhi - IMD",23-10-2019 04:00:00,149,192,103,PM10,PM2.5,187,,77.2280791,28.5910626
India,Delhi,Delhi,"Lodhi Road, Delhi - IMD",23-10-2019 04:00:00,11,24,8,NO2,PM2.5,187,,77.2280791,28.5910626
India,Delhi,Delhi,"Lodhi Road, Delhi - IMD",23-10-2019 04:00:00,69,113,54,CO,PM2.5,187,,77.2280791,28.5910626
India,Delhi,Delhi,"Lodhi Road, Delhi - IMD",23-10-2019 04:00:00,68,122,12,OZONE,PM2.5,187,,77.2280791,28.5910626
India,Delhi,Delhi,"Major Dhyan Chand National Stadium, Delhi - DPCC",23-10-2019 04:00:00,205,304,57,PM2.5,PM2.5,205,,77.2373351,28.6125465
India,Delhi,Delhi,"Major Dhyan Chand National Stadium, Delhi - DPCC",23-10-2019 04:00:00,178,265,101,PM10,PM2.5,205,,77.2373351,28.6125465
India,Delhi,Delhi,"Major Dhyan Chand National Stadium, Delhi - DPCC",23-10-2019 04:00:00,99,157,41,NO2,PM2.5,205,,77.2373351,28.6125465
India,Delhi,Delhi,"Major Dhyan Chand National Stadium, Delhi - DPCC",23-10-2019 04:00:00,7,9,5,NH3,PM2.5,205,,77.2373351,28.6125465
India,Delhi,Delhi,"Major Dhyan Chand National Stadium, Delhi - DPCC",23-10-2019 04:00:00,19,32,11,SO2,PM2.5,205,,77.2373351,28.6125465
India,Delhi,Delhi,"Major Dhyan Chand National Stadium, Delhi - DPCC",23-10-2019 04:00:00,62,127,40,CO,PM2.5,205,,77.2373351,28.6125465
India,Delhi,Delhi,"Major Dhyan Chand National Stadium, Delhi - DPCC",23-10-2019 04:00:00,12,24,1,OZONE,PM2.5,205,,77.2373351,28.6125465
India,Delhi,Delhi,"Mandir Marg, Delhi - DPCC",23-10-2019 04:00:00,241,335,63,PM2.5,PM2.5,241,,77.2004746,28.6341752
India,Delhi,Delhi,"Mandir Marg, Delhi - DPCC",23-10-2019 04:00:00,180,330,111,PM10,PM2.5,241,,77.2004746,28.6341752
India,Delhi,Delhi,"Mandir Marg, Delhi - DPCC",23-10-2019 04:00:00,74,107,45,NO2,PM2.5,241,,77.2004746,28.6341752
India,Delhi,Delhi,"Mandir Marg, Delhi - DPCC",23-10-2019 04:00:00,4,5,3,NH3,PM2.5,241,,77.2004746,28.6341752
India,Delhi,Delhi,"Mandir Marg, Delhi - DPCC",23-10-2019 04:00:00,3,5,1,SO2,PM2.5,241,,77.2004746,28.6341752
India,Delhi,Delhi,"Mandir Marg, Delhi - DPCC",23-10-2019 04:00:00,35,107,23,CO,PM2.5,241,,77.2004746,28.6341752
India,Delhi,Delhi,"Mandir Marg, Delhi - DPCC",23-10-2019 04:00:00,34,57,1,OZONE,PM2.5,241,,77.2004746,28.6341752
India,Delhi,Delhi,"Mundka, Delhi - DPCC",23-10-2019 04:00:00,288,357,87,PM2.5,PM10,308,,77.03493701,28.6823144
India,Delhi,Delhi,"Mundka, Delhi - DPCC",23-10-2019 04:00:00,308,457,179,PM10,PM10,308,,77.03493701,28.6823144
India,Delhi,Delhi,"Mundka, Delhi - DPCC",23-10-2019 04:00:00,39,74,18,NO2,PM10,308,,77.03493701,28.6823144
India,Delhi,Delhi,"Mundka, Delhi - DPCC",23-10-2019 04:00:00,6,8,4,NH3,PM10,308,,77.03493701,28.6823144
India,Delhi,Delhi,"Mundka, Delhi - DPCC",23-10-2019 04:00:00,10,16,4,SO2,PM10,308,,77.03493701,28.6823144
India,Delhi,Delhi,"Mundka, Delhi - DPCC",23-10-2019 04:00:00,61,103,40,CO,PM10,308,,77.03493701,28.6823144
India,Delhi,Delhi,"Mundka, Delhi - DPCC",23-10-2019 04:00:00,12,54,7,OZONE,PM10,308,,77.03493701,28.6823144
India,Delhi,Delhi,"NSIT Dwarka, Delhi - CPCB",23-10-2019 04:00:00,231,303,127,PM2.5,PM2.5,231,,77.0378947,28.6102353
India,Delhi,Delhi,"NSIT Dwarka, Delhi - CPCB",23-10-2019 04:00:00,50,77,26,NO2,PM2.5,231,,77.0378947,28.6102353
India,Delhi,Delhi,"NSIT Dwarka, Delhi - CPCB",23-10-2019 04:00:00,22,40,6,SO2,PM2.5,231,,77.0378947,28.6102353
India,Delhi,Delhi,"NSIT Dwarka, Delhi - CPCB",23-10-2019 04:00:00,67,126,5,CO,PM2.5,231,,77.0378947,28.6102353
India,Delhi,Delhi,"NSIT Dwarka, Delhi - CPCB",23-10-2019 04:00:00,69,123,3,OZONE,PM2.5,231,,77.0378947,28.6102353
India,Delhi,Delhi,"Najafgarh, Delhi - DPCC",23-10-2019 04:00:00,NA,NA,NA,PM2.5,,,,76.9854526,28.6090126
India,Delhi,Delhi,"Najafgarh, Delhi - DPCC",23-10-2019 04:00:00,NA,NA,NA,PM10,,,,76.9854526,28.6090126
India,Delhi,Delhi,"Najafgarh, Delhi - DPCC",23-10-2019 04:00:00,NA,NA,NA,NO2,,,,76.9854526,28.6090126
India,Delhi,Delhi,"Najafgarh, Delhi - DPCC",23-10-2019 04:00:00,NA,NA,NA,NH3,,,,76.9854526,28.6090126
India,Delhi,Delhi,"Najafgarh, Delhi - DPCC",23-10-2019 04:00:00,NA,NA,NA,SO2,,,,76.9854526,28.6090126
India,Delhi,Delhi,"Najafgarh, Delhi - DPCC",23-10-2019 04:00:00,125,189,43,CO,,,,76.9854526,28.6090126
India,Delhi,Delhi,"Najafgarh, Delhi - DPCC",23-10-2019 04:00:00,81,122,31,OZONE,,,,76.9854526,28.6090126
India,Delhi,Delhi,"Narela, Delhi - DPCC",23-10-2019 04:00:00,247,346,63,PM2.5,PM2.5,247,,77.0892151,28.8548818
India,Delhi,Delhi,"Narela, Delhi - DPCC",23-10-2019 04:00:00,203,321,115,PM10,PM2.5,247,,77.0892151,28.8548818
India,Delhi,Delhi,"Narela, Delhi - DPCC",23-10-2019 04:00:00,66,114,19,NO2,PM2.5,247,,77.0892151,28.8548818
India,Delhi,Delhi,"Narela, Delhi - DPCC",23-10-2019 04:00:00,4,5,1,NH3,PM2.5,247,,77.0892151,28.8548818
India,Delhi,Delhi,"Narela, Delhi - DPCC",23-10-2019 04:00:00,16,31,8,SO2,PM2.5,247,,77.0892151,28.8548818
India,Delhi,Delhi,"Narela, Delhi - DPCC",23-10-2019 04:00:00,62,92,50,CO,PM2.5,247,,77.0892151,28.8548818
India,Delhi,Delhi,"Narela, Delhi - DPCC",23-10-2019 04:00:00,158,182,2,OZONE,PM2.5,247,,77.0892151,28.8548818
India,Delhi,Delhi,"Nehru Nagar, Delhi - DPCC",23-10-2019 04:00:00,269,319,73,PM2.5,PM2.5,269,,77.2505733,28.5706035
India,Delhi,Delhi,"Nehru Nagar, Delhi - DPCC",23-10-2019 04:00:00,203,277,141,PM10,PM2.5,269,,77.2505733,28.5706035
India,Delhi,Delhi,"Nehru Nagar, Delhi - DPCC",23-10-2019 04:00:00,45,84,8,NO2,PM2.5,269,,77.2505733,28.5706035
India,Delhi,Delhi,"Nehru Nagar, Delhi - DPCC",23-10-2019 04:00:00,11,18,8,NH3,PM2.5,269,,77.2505733,28.5706035
India,Delhi,Delhi,"Nehru Nagar, Delhi - DPCC",23-10-2019 04:00:00,21,37,10,SO2,PM2.5,269,,77.2505733,28.5706035
India,Delhi,Delhi,"Nehru Nagar, Delhi - DPCC",23-10-2019 04:00:00,80,116,43,CO,PM2.5,269,,77.2505733,28.5706035
India,Delhi,Delhi,"Nehru Nagar, Delhi - DPCC",23-10-2019 04:00:00,176,265,4,OZONE,PM2.5,269,,77.2505733,28.5706035
India,Delhi,Delhi,"North Campus, DU, Delhi - IMD",23-10-2019 04:00:00,225,328,65,PM2.5,PM2.5,225,,77.2081429,28.6885715
India,Delhi,Delhi,"North Campus, DU, Delhi - IMD",23-10-2019 04:00:00,189,290,106,PM10,PM2.5,225,,77.2081429,28.6885715
India,Delhi,Delhi,"North Campus, DU, Delhi - IMD",23-10-2019 04:00:00,50,64,36,NO2,PM2.5,225,,77.2081429,28.6885715
India,Delhi,Delhi,"North Campus, DU, Delhi - IMD",23-10-2019 04:00:00,49,127,21,CO,PM2.5,225,,77.2081429,28.6885715
India,Delhi,Delhi,"North Campus, DU, Delhi - IMD",23-10-2019 04:00:00,47,60,7,OZONE,PM2.5,225,,77.2081429,28.6885715
India,Delhi,Delhi,"Okhla Phase-2, Delhi - DPCC",23-10-2019 04:00:00,232,312,73,PM2.5,PM2.5,232,,77.2764329,28.5357628
India,Delhi,Delhi,"Okhla Phase-2, Delhi - DPCC",23-10-2019 04:00:00,197,279,141,PM10,PM2.5,232,,77.2764329,28.5357628
India,Delhi,Delhi,"Okhla Phase-2, Delhi - DPCC",23-10-2019 04:00:00,73,91,53,NO2,PM2.5,232,,77.2764329,28.5357628
India,Delhi,Delhi,"Okhla Phase-2, Delhi - DPCC",23-10-2019 04:00:00,9,11,7,NH3,PM2.5,232,,77.2764329,28.5357628
India,Delhi,Delhi,"Okhla Phase-2, Delhi - DPCC",23-10-2019 04:00:00,17,25,12,SO2,PM2.5,232,,77.2764329,28.5357628
India,Delhi,Delhi,"Okhla Phase-2, Delhi - DPCC",23-10-2019 04:00:00,111,149,72,CO,PM2.5,232,,77.2764329,28.5357628
India,Delhi,Delhi,"Okhla Phase-2, Delhi - DPCC",23-10-2019 04:00:00,69,131,7,OZONE,PM2.5,232,,77.2764329,28.5357628
India,Delhi,Delhi,"Patparganj, Delhi - DPCC",23-10-2019 04:00:00,205,312,58,PM2.5,PM2.5,205,,77.3045711,28.6347308
India,Delhi,Delhi,"Patparganj, Delhi - DPCC",23-10-2019 04:00:00,185,246,112,PM10,PM2.5,205,,77.3045711,28.6347308
India,Delhi,Delhi,"Patparganj, Delhi - DPCC",23-10-2019 04:00:00,38,55,16,NO2,PM2.5,205,,77.3045711,28.6347308
India,Delhi,Delhi,"Patparganj, Delhi - DPCC",23-10-2019 04:00:00,11,12,7,NH3,PM2.5,205,,77.3045711,28.6347308
India,Delhi,Delhi,"Patparganj, Delhi - DPCC",23-10-2019 04:00:00,4,7,3,SO2,PM2.5,205,,77.3045711,28.6347308
India,Delhi,Delhi,"Patparganj, Delhi - DPCC",23-10-2019 04:00:00,94,127,42,CO,PM2.5,205,,77.3045711,28.6347308
India,Delhi,Delhi,"Patparganj, Delhi - DPCC",23-10-2019 04:00:00,11,26,4,OZONE,PM2.5,205,,77.3045711,28.6347308
India,Delhi,Delhi,"Punjabi Bagh, Delhi - DPCC",23-10-2019 04:00:00,264,342,45,PM2.5,PM2.5,264,,77.12415571,28.6619753
India,Delhi,Delhi,"Punjabi Bagh, Delhi - DPCC",23-10-2019 04:00:00,235,358,120,PM10,PM2.5,264,,77.12415571,28.6619753
India,Delhi,Delhi,"Punjabi Bagh, Delhi - DPCC",23-10-2019 04:00:00,65,95,45,NO2,PM2.5,264,,77.12415571,28.6619753
India,Delhi,Delhi,"Punjabi Bagh, Delhi - DPCC",23-10-2019 04:00:00,5,6,3,NH3,PM2.5,264,,77.12415571,28.6619753
India,Delhi,Delhi,"Punjabi Bagh, Delhi - DPCC",23-10-2019 04:00:00,16,28,2,SO2,PM2.5,264,,77.12415571,28.6619753
India,Delhi,Delhi,"Punjabi Bagh, Delhi - DPCC",23-10-2019 04:00:00,70,120,45,CO,PM2.5,264,,77.12415571,28.6619753
India,Delhi,Delhi,"Punjabi Bagh, Delhi - DPCC",23-10-2019 04:00:00,37,63,6,OZONE,PM2.5,264,,77.12415571,28.6619753
India,Delhi,Delhi,"Pusa, Delhi - DPCC",23-10-2019 04:00:00,194,329,70,PM2.5,PM2.5,194,,77.1571443,28.6376724
India,Delhi,Delhi,"Pusa, Delhi - DPCC",23-10-2019 04:00:00,180,389,120,PM10,PM2.5,194,,77.1571443,28.6376724
India,Delhi,Delhi,"Pusa, Delhi - DPCC",23-10-2019 04:00:00,83,137,31,NO2,PM2.5,194,,77.1571443,28.6376724
India,Delhi,Delhi,"Pusa, Delhi - DPCC",23-10-2019 04:00:00,4,8,2,NH3,PM2.5,194,,77.1571443,28.6376724
India,Delhi,Delhi,"Pusa, Delhi - DPCC",23-10-2019 04:00:00,23,31,15,SO2,PM2.5,194,,77.1571443,28.6376724
India,Delhi,Delhi,"Pusa, Delhi - DPCC",23-10-2019 04:00:00,90,119,45,CO,PM2.5,194,,77.1571443,28.6376724
India,Delhi,Delhi,"Pusa, Delhi - DPCC",23-10-2019 04:00:00,40,86,1,OZONE,PM2.5,194,,77.1571443,28.6376724
India,Delhi,Delhi,"Pusa, Delhi - IMD",23-10-2019 04:00:00,188,316,68,PM2.5,PM2.5,188,,77.1571443,28.6376724
India,Delhi,Delhi,"Pusa, Delhi - IMD",23-10-2019 04:00:00,153,236,111,PM10,PM2.5,188,,77.1571443,28.6376724
India,Delhi,Delhi,"Pusa, Delhi - IMD",23-10-2019 04:00:00,5,16,1,NO2,PM2.5,188,,77.1571443,28.6376724
India,Delhi,Delhi,"Pusa, Delhi - IMD",23-10-2019 04:00:00,99,117,8,CO,PM2.5,188,,77.1571443,28.6376724
India,Delhi,Delhi,"Pusa, Delhi - IMD",23-10-2019 04:00:00,81,153,30,OZONE,PM2.5,188,,77.1571443,28.6376724
India,Delhi,Delhi,"R K Puram, Delhi - DPCC",23-10-2019 04:00:00,NA,NA,NA,PM2.5,PM10,205,,77.1767435,28.5660075
India,Delhi,Delhi,"R K Puram, Delhi - DPCC",23-10-2019 04:00:00,205,434,99,PM10,PM10,205,,77.1767435,28.5660075
India,Delhi,Delhi,"R K Puram, Delhi - DPCC",23-10-2019 04:00:00,49,61,29,NO2,PM10,205,,77.1767435,28.5660075
India,Delhi,Delhi,"R K Puram, Delhi - DPCC",23-10-2019 04:00:00,4,7,2,NH3,PM10,205,,77.1767435,28.5660075
India,Delhi,Delhi,"R K Puram, Delhi - DPCC",23-10-2019 04:00:00,9,22,1,SO2,PM10,205,,77.1767435,28.5660075
India,Delhi,Delhi,"R K Puram, Delhi - DPCC",23-10-2019 04:00:00,46,142,5,CO,PM10,205,,77.1767435,28.5660075
India,Delhi,Delhi,"R K Puram, Delhi - DPCC",23-10-2019 04:00:00,22,46,17,OZONE,PM10,205,,77.1767435,28.5660075
India,Delhi,Delhi,"Rohini, Delhi - DPCC",23-10-2019 04:00:00,274,356,68,PM2.5,PM2.5,274,,77.08221509,28.7382677
India,Delhi,Delhi,"Rohini, Delhi - DPCC",23-10-2019 04:00:00,250,428,107,PM10,PM2.5,274,,77.08221509,28.7382677
India,Delhi,Delhi,"Rohini, Delhi - DPCC",23-10-2019 04:00:00,37,78,8,NO2,PM2.5,274,,77.08221509,28.7382677
India,Delhi,Delhi,"Rohini, Delhi - DPCC",23-10-2019 04:00:00,7,10,5,NH3,PM2.5,274,,77.08221509,28.7382677
India,Delhi,Delhi,"Rohini, Delhi - DPCC",23-10-2019 04:00:00,8,12,5,SO2,PM2.5,274,,77.08221509,28.7382677
India,Delhi,Delhi,"Rohini, Delhi - DPCC",23-10-2019 04:00:00,60,130,33,CO,PM2.5,274,,77.08221509,28.7382677
India,Delhi,Delhi,"Rohini, Delhi - DPCC",23-10-2019 04:00:00,47,79,2,OZONE,PM2.5,274,,77.08221509,28.7382677
India,Delhi,Delhi,"Shadipur, Delhi - CPCB",23-10-2019 04:00:00,210,315,38,PM2.5,PM2.5,210,,77.1562196,28.651027
India,Delhi,Delhi,"Shadipur, Delhi - CPCB",23-10-2019 04:00:00,127,190,65,NO2,PM2.5,210,,77.1562196,28.651027
India,Delhi,Delhi,"Shadipur, Delhi - CPCB",23-10-2019 04:00:00,20,56,10,SO2,PM2.5,210,,77.1562196,28.651027
India,Delhi,Delhi,"Shadipur, Delhi - CPCB",23-10-2019 04:00:00,55,121,6,CO,PM2.5,210,,77.1562196,28.651027
India,Delhi,Delhi,"Shadipur, Delhi - CPCB",23-10-2019 04:00:00,76,137,6,OZONE,PM2.5,210,,77.1562196,28.651027
India,Delhi,Delhi,"Sirifort, Delhi - CPCB",23-10-2019 04:00:00,280,323,68,PM2.5,PM10,300,,77.214799,28.5505827
India,Delhi,Delhi,"Sirifort, Delhi - CPCB",23-10-2019 04:00:00,300,500,147,PM10,PM10,300,,77.214799,28.5505827
India,Delhi,Delhi,"Sirifort, Delhi - CPCB",23-10-2019 04:00:00,87,183,37,NO2,PM10,300,,77.214799,28.5505827
India,Delhi,Delhi,"Sirifort, Delhi - CPCB",23-10-2019 04:00:00,11,23,7,NH3,PM10,300,,77.214799,28.5505827
India,Delhi,Delhi,"Sirifort, Delhi - CPCB",23-10-2019 04:00:00,6,11,4,SO2,PM10,300,,77.214799,28.5505827
India,Delhi,Delhi,"Sirifort, Delhi - CPCB",23-10-2019 04:00:00,40,112,22,CO,PM10,300,,77.214799,28.5505827
India,Delhi,Delhi,"Sirifort, Delhi - CPCB",23-10-2019 04:00:00,100,176,17,OZONE,PM10,300,,77.214799,28.5505827
India,Delhi,Delhi,"Sonia Vihar, Delhi - DPCC",23-10-2019 04:00:00,231,323,58,PM2.5,PM2.5,231,,77.2495891,28.7332472
India,Delhi,Delhi,"Sonia Vihar, Delhi - DPCC",23-10-2019 04:00:00,219,319,115,PM10,PM2.5,231,,77.2495891,28.7332472
India,Delhi,Delhi,"Sonia Vihar, Delhi - DPCC",23-10-2019 04:00:00,53,96,16,NO2,PM2.5,231,,77.2495891,28.7332472
India,Delhi,Delhi,"Sonia Vihar, Delhi - DPCC",23-10-2019 04:00:00,10,12,7,NH3,PM2.5,231,,77.2495891,28.7332472
India,Delhi,Delhi,"Sonia Vihar, Delhi - DPCC",23-10-2019 04:00:00,18,30,10,SO2,PM2.5,231,,77.2495891,28.7332472
India,Delhi,Delhi,"Sonia Vihar, Delhi - DPCC",23-10-2019 04:00:00,51,90,18,CO,PM2.5,231,,77.2495891,28.7332472
India,Delhi,Delhi,"Sonia Vihar, Delhi - DPCC",23-10-2019 04:00:00,92,162,6,OZONE,PM2.5,231,,77.2495891,28.7332472
India,Delhi,Delhi,"Sri Aurobindo Marg, Delhi - DPCC",23-10-2019 04:00:00,188,310,52,PM2.5,OZONE,202,,77.2063378,28.5563099
India,Delhi,Delhi,"Sri Aurobindo Marg, Delhi - DPCC",23-10-2019 04:00:00,125,186,80,PM10,OZONE,202,,77.2063378,28.5563099
India,Delhi,Delhi,"Sri Aurobindo Marg, Delhi - DPCC",23-10-2019 04:00:00,51,79,22,NO2,OZONE,202,,77.2063378,28.5563099
India,Delhi,Delhi,"Sri Aurobindo Marg, Delhi - DPCC",23-10-2019 04:00:00,7,8,6,NH3,OZONE,202,,77.2063378,28.5563099
India,Delhi,Delhi,"Sri Aurobindo Marg, Delhi - DPCC",23-10-2019 04:00:00,11,25,4,SO2,OZONE,202,,77.2063378,28.5563099
India,Delhi,Delhi,"Sri Aurobindo Marg, Delhi - DPCC",23-10-2019 04:00:00,53,65,30,CO,OZONE,202,,77.2063378,28.5563099
India,Delhi,Delhi,"Sri Aurobindo Marg, Delhi - DPCC",23-10-2019 04:00:00,202,276,6,OZONE,OZONE,202,,77.2063378,28.5563099
India,Delhi,Delhi,"Vivek Vihar, Delhi - DPCC",23-10-2019 04:00:00,257,346,73,PM2.5,PM2.5,257,,77.3176541,28.6712458
India,Delhi,Delhi,"Vivek Vihar, Delhi - DPCC",23-10-2019 04:00:00,224,375,129,PM10,PM2.5,257,,77.3176541,28.6712458
India,Delhi,Delhi,"Vivek Vihar, Delhi - DPCC",23-10-2019 04:00:00,28,43,10,NO2,PM2.5,257,,77.3176541,28.6712458
India,Delhi,Delhi,"Vivek Vihar, Delhi - DPCC",23-10-2019 04:00:00,9,12,7,NH3,PM2.5,257,,77.3176541,28.6712458
India,Delhi,Delhi,"Vivek Vihar, Delhi - DPCC",23-10-2019 04:00:00,22,32,13,SO2,PM2.5,257,,77.3176541,28.6712458
India,Delhi,Delhi,"Vivek Vihar, Delhi - DPCC",23-10-2019 04:00:00,67,136,32,CO,PM2.5,257,,77.3176541,28.6712458
India,Delhi,Delhi,"Vivek Vihar, Delhi - DPCC",23-10-2019 04:00:00,67,82,13,OZONE,PM2.5,257,,77.3176541,28.6712458
India,Delhi,Delhi,"Wazirpur, Delhi - DPCC",23-10-2019 04:00:00,NA,NA,NA,PM2.5,,,,77.1604397,28.6975444
India,Delhi,Delhi,"Wazirpur, Delhi - DPCC",23-10-2019 04:00:00,NA,NA,NA,PM10,,,,77.1604397,28.6975444
India,Delhi,Delhi,"Wazirpur, Delhi - DPCC",23-10-2019 04:00:00,NA,NA,NA,NO2,,,,77.1604397,28.6975444
India,Delhi,Delhi,"Wazirpur, Delhi - DPCC",23-10-2019 04:00:00,NA,NA,NA,NH3,,,,77.1604397,28.6975444
India,Delhi,Delhi,"Wazirpur, Delhi - DPCC",23-10-2019 04:00:00,NA,NA,NA,SO2,,,,77.1604397,28.6975444
India,Delhi,Delhi,"Wazirpur, Delhi - DPCC",23-10-2019 04:00:00,52,119,45,CO,,,,77.1604397,28.6975444
India,Delhi,Delhi,"Wazirpur, Delhi - DPCC",23-10-2019 04:00:00,83,105,6,OZONE,,,,77.1604397,28.6975444
,,,,,,,,,,,,,
,,,,,,,,,,,,,
,,,,,,,,,,,,,
,,,,,,,,,,,,,
,,,,,,,,,,,,,
,,,,,,,,,,,,,
,,,,,,,,,,,,,
,,,,,,,,,,,,,
,,,,,,,,,,,,,
,,,,,,,,,,,,,
,,,,,,,,,,,,,
,,,,,,,,,,,,,
,,,,,,,,,,,,,
,,,,,,,,,,,,,
,,,,,,,,,,,,,
,,,,,,,,,,,,,
,,,,,,,,,,,,,
,,,,,,,,,,,,,
,,,,,,,,,,,,,
,,,,,,,,,,,,,
,,,,,,,,,,,,,
,,,,,,,,,,,,,
,,,,,,,,,,,,,
,,,,,,,,,,,,,
,,,,,,,,,,,,,
,,,,,,,,,,,,,
,,,,,,,,,,,,,
,,,,,,,,,,,,,
,,,,,,,,,,,,,
,,,,,,,,,,,,,
,,,,,,,,,,,,,
,,,,,,,,,,,,,
,,,,,,,,,,,,,
